hh_id,district,area,caste,head_gender,head_edu_years,hh_size,monthly_pc_exp,land_acres,has_toilet,has_bank_account,shg_member,received_transfer
1,Rewa,Urban,OBC,Male,9,4,3210,0.0,Yes,Yes,No,No
2,Rewa,Rural,General,Male,5,6,2230,0.42,Yes,Yes,No,No
3,Rewa,Rural,OBC,Female,0,3,1670,2.6,No,Yes,No,Yes
4,Rewa,Rural,OBC,Male,0,5,2100,0.0,Yes,Yes,No,Yes
5,Rewa,Rural,General,Male,4,4,2080,1.17,Yes,Yes,No,Yes
6,Rewa,Rural,OBC,Male,6,7,3140,0.0,No,Yes,No,No
7,Rewa,Rural,General,Male,6,1,2580,1.56,Yes,Yes,No,No
8,Rewa,Rural,OBC,Male,7,4,2790,2.29,Yes,No,No,No
9,Rewa,Rural,SC,Male,0,5,700,0.0,No,No,No,Yes
10,Rewa,Rural,OBC,Female,4,2,2440,2.91,No,Yes,No,No
11,Rewa,Rural,General,Male,5,3,1940,0.0,Yes,Yes,No,Yes
12,Rewa,Rural,SC,Male,0,2,2480,2.87,No,Yes,No,No
13,Rewa,Rural,General,Male,8,4,1950,1.41,Yes,Yes,Yes,Yes
14,Rewa,Rural,OBC,Female,9,3,3780,0.0,Yes,Yes,No,Yes
15,Rewa,Rural,ST,Male,4,6,2740,1.66,No,Yes,No,No
16,Rewa,Urban,OBC,Male,0,4,3000,0.0,Yes,Yes,No,No
17,Rewa,Rural,OBC,Male,1,5,1800,2.89,No,Yes,No,Yes
18,Rewa,Rural,General,Male,9,2,5760,2.44,No,Yes,No,No
19,Rewa,Rural,SC,Male,0,3,1240,1.01,Yes,Yes,No,Yes
20,Rewa,Rural,General,Male,10,5,3170,2.88,No,Yes,No,No
21,Rewa,Urban,OBC,Male,8,2,6120,0.0,No,Yes,No,No
22,Rewa,Rural,OBC,Male,3,5,830,2.63,No,Yes,No,Yes
23,Rewa,Rural,OBC,Male,0,4,2480,1.31,No,Yes,No,No
24,Rewa,Rural,OBC,Male,0,3,1140,1.7,Yes,Yes,No,Yes
25,Betul,Rural,OBC,Male,6,4,2250,2.56,Yes,Yes,No,Yes
26,Betul,Rural,ST,Male,8,4,2170,0.0,Yes,No,No,Yes
27,Betul,Rural,OBC,Male,13,2,2520,0.0,Yes,No,No,No
28,Betul,Rural,General,Male,8,3,2610,0.03,Yes,Yes,No,No
29,Betul,Urban,OBC,Male,12,7,9730,0.0,Yes,Yes,No,No
30,Betul,Urban,General,Male,1,5,5820,0.0,Yes,No,No,No
31,Betul,Rural,OBC,Male,5,3,3240,1.17,Yes,Yes,No,No
32,Betul,Urban,OBC,Male,1,7,1690,0.0,Yes,Yes,No,Yes
33,Betul,Rural,General,Male,7,4,2870,0.45,No,Yes,No,No
34,Betul,Urban,OBC,Male,7,4,4890,0.0,No,Yes,No,No
35,Betul,Rural,OBC,Male,7,2,1770,3.53,No,Yes,No,Yes
36,Betul,Urban,General,Female,4,4,4910,0.0,Yes,Yes,Yes,No
37,Betul,Rural,General,Male,8,7,1710,0.0,Yes,Yes,No,Yes
38,Betul,Rural,OBC,Female,10,4,1600,3.66,Yes,Yes,No,Yes
39,Betul,Rural,OBC,Female,3,6,2270,0.79,Yes,Yes,No,No
40,Betul,Rural,OBC,Male,0,4,2200,2.37,Yes,Yes,No,No
41,Betul,Rural,OBC,Female,5,5,3500,2.09,Yes,Yes,No,Yes
42,Betul,Rural,OBC,Female,5,5,1920,1.86,Yes,Yes,Yes,Yes
43,Betul,Rural,OBC,Male,7,5,2670,0.82,No,No,No,No
44,Betul,Rural,OBC,Male,0,6,1220,0.0,Yes,Yes,No,Yes
45,Betul,Rural,General,Male,5,5,2480,0.87,No,Yes,Yes,Yes
46,Betul,Rural,OBC,Male,0,3,2740,2.28,Yes,No,No,No
47,Betul,Rural,SC,Male,5,6,1380,0.0,No,Yes,No,Yes
48,Betul,Rural,General,Male,4,6,2930,1.18,Yes,Yes,No,No
49,Indore,Urban,General,Male,13,5,4090,0.0,Yes,Yes,Yes,No
50,Indore,Urban,OBC,Male,7,4,3490,0.0,Yes,Yes,No,No
51,Indore,Urban,General,Female,9,4,5800,0.0,Yes,Yes,No,No
52,Indore,Urban,General,Male,1,5,2730,0.0,No,Yes,No,No
53,Indore,Urban,General,Male,13,4,2790,0.0,Yes,Yes,No,No
54,Indore,Urban,SC,Male,6,3,1890,0.0,Yes,No,No,Yes
55,Indore,Rural,OBC,Male,5,3,2930,2.01,Yes,Yes,No,No
56,Indore,Urban,OBC,Male,4,6,3510,0.0,Yes,Yes,No,No
57,Indore,Urban,OBC,Female,5,4,4450,0.0,No,Yes,Yes,No
58,Indore,Urban,OBC,Male,9,7,2880,0.0,Yes,No,No,Yes
59,Indore,Rural,SC,Male,6,6,1640,0.04,Yes,No,No,Yes
60,Indore,Urban,General,Male,2,4,3150,0.0,Yes,Yes,No,Yes
61,Indore,Rural,OBC,Female,2,4,1670,1.05,No,Yes,No,Yes
62,Indore,Rural,SC,Male,9,4,1640,1.71,Yes,Yes,No,Yes
63,Indore,Urban,ST,Male,9,2,5540,0.0,Yes,Yes,No,No
64,Indore,Rural,General,Male,14,2,4050,3.0,Yes,No,No,No
65,Indore,Urban,OBC,Male,8,4,3880,0.0,Yes,Yes,Yes,Yes
66,Indore,Rural,SC,Male,5,2,1720,0.64,No,Yes,Yes,Yes
67,Indore,Rural,General,Male,7,2,4110,0.53,Yes,Yes,No,No
68,Indore,Urban,OBC,Male,12,3,7680,0.0,Yes,Yes,No,No
69,Indore,Urban,OBC,Male,7,3,8960,0.0,Yes,Yes,No,No
70,Indore,Urban,OBC,Male,6,3,4870,0.0,Yes,Yes,No,No
71,Indore,Urban,OBC,Male,5,5,4050,0.0,Yes,Yes,No,No
72,Indore,Rural,OBC,Male,9,3,2660,1.78,Yes,Yes,No,No
73,Gaya,Rural,OBC,Male,3,3,1320,0.0,Yes,Yes,No,Yes
74,Gaya,Rural,General,Male,1,5,1790,0.74,No,Yes,Yes,Yes
75,Gaya,Rural,OBC,Male,8,5,2070,0.0,No,Yes,No,No
76,Gaya,Rural,OBC,Male,10,1,2200,1.11,Yes,Yes,No,No
77,Gaya,Rural,General,Male,1,4,1070,0.0,Yes,Yes,Yes,Yes
78,Gaya,Rural,SC,Male,6,1,1890,0.0,Yes,No,Yes,No
79,Gaya,Urban,OBC,Female,13,6,7430,0.0,Yes,Yes,Yes,No
80,Gaya,Urban,OBC,Male,17,7,6850,0.0,No,Yes,No,No
81,Gaya,Rural,OBC,Female,0,5,2820,0.76,No,Yes,Yes,No
82,Gaya,Urban,General,Male,8,4,8870,0.0,Yes,Yes,No,No
83,Gaya,Rural,OBC,Male,2,3,2570,3.53,No,Yes,Yes,Yes
84,Gaya,Rural,OBC,Male,4,1,2610,0.22,No,Yes,No,No
85,Gaya,Rural,OBC,Male,8,3,3040,3.86,Yes,Yes,No,No
86,Gaya,Urban,OBC,Male,2,5,3370,0.0,Yes,Yes,No,No
87,Gaya,Rural,OBC,Male,0,5,2320,3.48,Yes,Yes,Yes,No
88,Gaya,Rural,SC,Male,3,5,2680,1.58,Yes,Yes,No,No
89,Gaya,Rural,SC,Male,15,8,1190,1.08,Yes,No,No,Yes
90,Gaya,Rural,OBC,Male,1,1,1070,0.34,Yes,Yes,No,No
91,Gaya,Rural,SC,Male,0,3,1160,1.43,No,Yes,No,Yes
92,Gaya,Rural,OBC,Male,1,3,2010,3.19,Yes,Yes,Yes,Yes
93,Gaya,Rural,OBC,Male,4,5,1840,0.59,Yes,Yes,No,Yes
94,Gaya,Rural,SC,Male,4,2,1300,0.56,Yes,Yes,No,No
95,Gaya,Rural,OBC,Male,2,8,2400,3.76,Yes,Yes,No,No
96,Gaya,Rural,ST,Female,0,7,880,0.71,Yes,No,No,No
97,Purnia,Rural,OBC,Male,0,1,1050,0.79,No,No,No,Yes
98,Purnia,Rural,SC,Male,7,2,2460,0.51,Yes,Yes,No,No
99,Purnia,Rural,OBC,Male,6,2,3410,2.93,Yes,No,No,No
100,Purnia,Rural,OBC,Female,0,7,2470,0.0,Yes,Yes,Yes,No
101,Purnia,Rural,General,Female,4,2,1760,1.81,No,Yes,Yes,Yes
102,Purnia,Rural,OBC,Male,0,3,1510,1.43,Yes,Yes,No,No
103,Purnia,Rural,OBC,Male,4,1,2800,1.93,Yes,Yes,No,No
104,Purnia,Rural,OBC,Male,6,5,1920,1.48,Yes,No,No,No
105,Purnia,Rural,General,Male,0,4,1610,0.94,Yes,No,Yes,Yes
106,Purnia,Rural,ST,Male,3,4,2590,3.15,Yes,Yes,No,No
107,Purnia,Rural,General,Male,9,6,2290,2.96,Yes,Yes,No,Yes
108,Purnia,Rural,General,Female,3,4,1890,1.83,No,Yes,Yes,No
109,Purnia,Urban,OBC,Male,3,8,2990,0.0,Yes,Yes,No,No
110,Purnia,Rural,General,Male,5,5,2430,2.26,No,Yes,Yes,No
111,Purnia,Rural,SC,Male,6,7,1030,2.85,No,Yes,No,Yes
112,Purnia,Urban,General,Male,9,1,3820,0.0,Yes,Yes,No,No
113,Purnia,Rural,ST,Male,12,5,1420,3.31,No,Yes,No,Yes
114,Purnia,Rural,SC,Male,0,6,1240,0.0,Yes,No,Yes,No
115,Purnia,Urban,OBC,Male,0,4,4270,0.0,Yes,Yes,Yes,No
116,Purnia,Rural,General,Male,6,5,4690,0.0,Yes,Yes,No,No
117,Purnia,Rural,SC,Male,9,4,2160,0.52,Yes,Yes,Yes,No
118,Purnia,Rural,General,Male,2,2,2120,5.69,Yes,No,No,No
119,Purnia,Urban,SC,Female,13,5,2470,0.0,Yes,Yes,Yes,No
120,Purnia,Rural,OBC,Male,4,6,3080,1.08,Yes,Yes,No,No
121,Patna,Urban,SC,Male,7,5,2060,0.0,Yes,Yes,No,No
122,Patna,Urban,SC,Male,5,5,2270,0.0,Yes,Yes,No,No
123,Patna,Urban,ST,Male,6,4,1820,0.0,Yes,Yes,No,Yes
124,Patna,Rural,SC,Male,1,6,1420,0.0,Yes,Yes,No,Yes
125,Patna,Rural,General,Male,3,4,1760,1.81,Yes,Yes,Yes,Yes
126,Patna,Rural,General,Male,8,4,3180,1.8,Yes,Yes,Yes,No
127,Patna,Rural,General,Female,7,5,3390,2.01,No,Yes,Yes,No
128,Patna,Rural,OBC,Male,4,4,1770,2.07,Yes,Yes,No,Yes
129,Patna,Rural,SC,Male,0,2,1480,0.0,Yes,Yes,No,Yes
130,Patna,Rural,General,Male,5,5,3160,0.63,Yes,No,Yes,No
131,Patna,Urban,ST,Male,10,1,3470,0.0,Yes,Yes,No,No
132,Patna,Urban,OBC,Male,9,2,2750,0.0,Yes,Yes,No,No
133,Patna,Rural,General,Male,0,4,1400,1.09,No,Yes,No,Yes
134,Patna,Urban,OBC,Male,3,1,3300,0.0,Yes,Yes,No,No
135,Patna,Urban,OBC,Male,7,2,4070,0.0,Yes,Yes,No,No
136,Patna,Urban,SC,Male,13,3,1930,0.0,Yes,Yes,No,Yes
137,Patna,Rural,General,Male,4,5,1250,0.0,No,Yes,Yes,Yes
138,Patna,Urban,OBC,Male,9,5,3150,0.0,Yes,No,No,Yes
139,Patna,Urban,SC,Male,8,4,2320,0.0,Yes,Yes,No,No
140,Patna,Urban,General,Male,7,5,1630,0.0,Yes,Yes,No,Yes
141,Patna,Urban,SC,Male,5,6,2780,0.0,Yes,Yes,Yes,No
142,Patna,Urban,ST,Female,12,4,2720,0.0,Yes,Yes,No,No
143,Patna,Urban,General,Female,5,1,5210,0.0,Yes,Yes,Yes,No
144,Patna,Rural,SC,Male,11,4,3370,0.08,No,Yes,No,Yes
145,Udaipur,Rural,OBC,Male,2,2,2600,0.0,No,No,No,No
146,Udaipur,Urban,SC,Male,3,7,4440,0.0,Yes,Yes,No,No
147,Udaipur,Rural,ST,Male,3,5,2220,1.57,Yes,Yes,No,Yes
148,Udaipur,Rural,General,Male,0,4,4630,0.83,Yes,Yes,Yes,No
149,Udaipur,Rural,OBC,Male,10,3,5490,1.59,Yes,No,Yes,No
150,Udaipur,Rural,SC,Male,9,4,2990,0.0,Yes,Yes,Yes,No
151,Udaipur,Rural,General,Female,4,1,3120,0.74,No,Yes,Yes,No
152,Udaipur,Rural,OBC,Male,8,6,3720,2.01,Yes,Yes,No,No
153,Udaipur,Rural,ST,Female,7,4,1810,2.61,No,Yes,Yes,Yes
154,Udaipur,Rural,OBC,Male,4,4,2530,2.08,No,Yes,No,No
155,Udaipur,Rural,OBC,Male,0,5,3110,1.07,Yes,Yes,No,No
156,Udaipur,Rural,General,Male,2,5,1530,2.22,Yes,Yes,Yes,No
157,Udaipur,Urban,General,Male,7,7,3430,0.0,Yes,Yes,No,No
158,Udaipur,Urban,OBC,Male,16,3,20690,0.0,Yes,Yes,No,No
159,Udaipur,Rural,OBC,Male,5,4,2110,1.3,No,Yes,No,Yes
160,Udaipur,Rural,General,Male,9,5,3170,3.69,Yes,Yes,No,Yes
161,Udaipur,Rural,OBC,Male,8,3,3850,1.78,Yes,Yes,Yes,Yes
162,Udaipur,Rural,OBC,Female,0,4,2180,2.38,Yes,Yes,Yes,Yes
163,Udaipur,Rural,OBC,Male,4,5,1890,2.81,No,No,No,No
164,Udaipur,Rural,SC,Male,6,6,2050,0.0,No,Yes,No,Yes
165,Udaipur,Rural,SC,Male,5,1,3260,3.96,Yes,Yes,No,No
166,Udaipur,Rural,SC,Male,11,5,1940,0.11,No,No,No,No
167,Udaipur,Rural,General,Male,13,4,2590,0.0,Yes,Yes,No,No
168,Udaipur,Rural,SC,Male,8,4,1310,1.83,No,Yes,No,No
169,Barmer,Rural,General,Female,5,3,3220,0.0,No,Yes,No,No
170,Barmer,Rural,General,Male,9,5,2660,1.39,Yes,Yes,No,Yes
171,Barmer,Rural,OBC,Female,1,6,2220,0.95,Yes,No,No,Yes
172,Barmer,Urban,SC,Male,3,4,2180,0.0,Yes,Yes,No,Yes
173,Barmer,Rural,General,Male,5,3,5320,2.57,No,Yes,No,No
174,Barmer,Rural,OBC,Male,5,4,2750,2.21,Yes,Yes,No,No
175,Barmer,Rural,General,Male,0,2,3730,2.73,Yes,Yes,Yes,No
176,Barmer,Rural,OBC,Female,3,4,3660,2.44,Yes,Yes,No,Yes
177,Barmer,Rural,SC,Male,3,3,2950,0.59,Yes,Yes,No,No
178,Barmer,Rural,OBC,Male,6,2,2810,1.8,Yes,Yes,No,No
179,Barmer,Rural,SC,Male,4,5,1690,0.0,Yes,Yes,No,Yes
180,Barmer,Rural,OBC,Male,0,6,1550,3.98,No,Yes,No,Yes
181,Barmer,Rural,General,Male,8,1,3260,1.51,Yes,Yes,No,No
182,Barmer,Rural,ST,Female,7,4,3580,1.46,Yes,Yes,No,No
183,Barmer,Rural,OBC,Male,0,5,2200,0.0,Yes,Yes,No,Yes
184,Barmer,Rural,General,Male,0,3,1870,3.07,Yes,Yes,No,No
185,Barmer,Rural,OBC,Male,4,6,1580,0.0,No,Yes,No,Yes
186,Barmer,Urban,General,Male,9,4,5210,0.0,Yes,Yes,Yes,No
187,Barmer,Rural,General,Male,6,5,1400,1.79,Yes,Yes,No,Yes
188,Barmer,Rural,OBC,Male,3,4,1300,0.0,No,No,No,Yes
189,Barmer,Rural,General,Male,10,3,3930,2.44,Yes,Yes,No,Yes
190,Barmer,Rural,SC,Male,7,6,1620,0.0,Yes,Yes,No,Yes
191,Barmer,Rural,SC,Male,8,3,2330,0.95,No,Yes,No,No
192,Barmer,Rural,General,Male,0,5,2870,0.03,Yes,Yes,No,No
193,Kozhikode,Rural,General,Female,9,4,7230,0.48,No,No,Yes,No
194,Kozhikode,Rural,General,Male,2,8,3180,0.0,No,Yes,No,Yes
195,Kozhikode,Urban,OBC,Female,10,2,15500,0.0,Yes,Yes,No,No
196,Kozhikode,Urban,General,Male,8,1,5000,0.0,Yes,Yes,Yes,No
197,Kozhikode,Urban,General,Male,14,3,11510,0.0,Yes,Yes,No,No
198,Kozhikode,Urban,OBC,Female,14,6,6850,0.0,No,Yes,Yes,Yes
199,Kozhikode,Urban,ST,Female,7,1,4580,0.0,Yes,Yes,Yes,No
200,Kozhikode,Urban,General,Male,10,6,6540,0.0,Yes,Yes,Yes,No
201,Kozhikode,Urban,SC,Female,15,6,6010,0.0,Yes,Yes,Yes,Yes
202,Kozhikode,Urban,SC,Male,3,6,5100,0.0,Yes,Yes,No,No
203,Kozhikode,Urban,SC,Male,12,4,9460,0.0,Yes,Yes,No,Yes
204,Kozhikode,Urban,General,Male,5,5,3810,0.0,Yes,Yes,No,No
205,Kozhikode,Urban,General,Female,7,5,4150,0.0,Yes,Yes,Yes,Yes
206,Kozhikode,Urban,OBC,Male,9,2,6150,0.0,Yes,No,No,No
207,Kozhikode,Urban,OBC,Male,5,8,5520,0.0,Yes,Yes,No,No
208,Kozhikode,Urban,General,Male,11,2,6200,0.0,Yes,Yes,No,No
209,Kozhikode,Urban,OBC,Male,1,2,6870,0.0,Yes,Yes,No,No
210,Kozhikode,Urban,OBC,Male,13,3,11410,0.0,Yes,Yes,No,No
211,Kozhikode,Urban,General,Male,17,6,12960,0.0,Yes,Yes,No,No
212,Kozhikode,Urban,OBC,Male,0,5,4580,0.0,Yes,Yes,No,No
213,Kozhikode,Urban,OBC,Male,13,3,5970,0.0,Yes,Yes,No,No
214,Kozhikode,Urban,General,Male,5,7,6680,0.0,Yes,Yes,No,No
215,Kozhikode,Urban,OBC,Female,6,4,3620,0.0,Yes,Yes,No,No
216,Kozhikode,Rural,OBC,Male,1,6,3300,1.92,No,Yes,No,No
217,Wayanad,Rural,General,Female,1,4,4750,1.19,Yes,Yes,Yes,Yes
218,Wayanad,Urban,OBC,Male,6,4,6440,0.0,Yes,Yes,No,No
219,Wayanad,Rural,ST,Male,5,6,3430,2.76,No,Yes,No,Yes
220,Wayanad,Rural,OBC,Female,4,4,4810,2.99,Yes,Yes,No,Yes
221,Wayanad,Rural,SC,Male,0,5,1570,0.0,Yes,Yes,Yes,Yes
222,Wayanad,Rural,SC,Male,6,5,2140,2.22,Yes,Yes,Yes,Yes
223,Wayanad,Rural,ST,Male,7,1,2900,0.0,No,Yes,No,Yes
224,Wayanad,Rural,OBC,Male,4,5,3250,0.48,Yes,Yes,No,Yes
225,Wayanad,Rural,ST,Male,0,5,2000,0.34,Yes,No,No,Yes
226,Wayanad,Rural,ST,Female,2,4,3010,1.59,No,Yes,Yes,Yes
227,Wayanad,Rural,OBC,Male,7,2,5300,3.37,Yes,No,No,No
228,Wayanad,Rural,OBC,Male,0,6,3710,1.52,Yes,No,No,No
229,Wayanad,Rural,OBC,Male,8,5,2880,2.12,Yes,Yes,No,Yes
230,Wayanad,Rural,OBC,Male,4,5,3740,0.41,No,Yes,Yes,No
231,Wayanad,Rural,SC,Male,9,4,2360,0.22,Yes,No,No,No
232,Wayanad,Rural,OBC,Male,1,4,3090,1.79,No,Yes,Yes,Yes
233,Wayanad,Urban,General,Male,6,4,8470,0.0,Yes,Yes,No,No
234,Wayanad,Rural,ST,Male,3,3,1840,0.57,No,Yes,No,Yes
235,Wayanad,Urban,OBC,Male,9,4,6970,0.0,Yes,Yes,No,No
236,Wayanad,Rural,ST,Male,8,2,3960,0.37,No,Yes,No,No
237,Wayanad,Rural,General,Female,0,4,4680,2.14,Yes,Yes,Yes,No
238,Wayanad,Rural,OBC,Male,6,3,4870,3.02,No,Yes,No,No
239,Wayanad,Rural,ST,Male,1,6,1200,1.07,Yes,Yes,No,No
240,Wayanad,Urban,OBC,Female,8,8,7590,0.0,Yes,Yes,No,Yes
