mandal_id,name
429,Abdal
430,Agariya
431,Adhiri
432,"Aguri—Vaishya, Sudi, Halwai, Roniyar, Pansari, Modi, Kasera, Kesarwani, Kathera, Siduriya-Bania, Mahuro-Vaishya-Awadh-Bania, Kaith-Bania"
433,Amaat
434,Bagdo
435,Banpar
436,Barai
437,Bari
438,Basphor
439,Bekhada
440,"Beldar, Bachgotra"
441,Beldiya
442,Bentkar
443,Bhar
444,Bharbhuja
445,Bhaskar
446,Bhat/Bhatt
447,Bhathiara (Muslim)
448,"Bhuthar, Bhuiyar"
449,Bind
450,Binjina
451,Chandrabhanshi (Kahar)
452,"Chain, Chayeen"
453,Chanou
454,Chapota
455,Chatwal
456,Chik (Muslim)
457,"Churihara, Manihar"
458,Dafalange (Muslim)
459,Dafale (Muslim)
460,Dangi
461,Devhar
462,Dhamin
463,Dhankar
464,"Dhanuk, Purwa"
465,Dhanwar
466,Dhari
467,Dhekaru
468,Dhimar
469,"Dhunia, Dhumian"
470,Faqir (Muslim)
471,Gadaba
472,Gaddi
473,Gadihar (Muslim)
474,Ganda
475,Gandharb
476,Gangai (Nagesh)
477,"Gangota, Gangoth"
478,Ghatwar
479,Ghusuria
480,"Godo (Chhavo), Godhi"
481,Godra
482,Gokha
483,"Gonrh, Gorh, Gothahum"
484,Goud
485,Goudu
486,Gulgaliya
487,"Hajjam, (Awadhiya, Kanaujia, Kawa, Nai, Naiya, Napit, Naya, Thakur)"
488,"Hima, Karanjia, Qassar (Muslim)"
489,Idiroso or Darzi (Muslim)
490,Irika
491,Jadup
492,"Jogi, Jogo, Jugi"
493,Juang
494,Julaha
495,Kabari
496,Kadar
497,Kaghzi
498,"Kahar, Chandraborai, Chatrapati, Chotra Bansi, Ramani, Rawani, Pareri"
499,Kaibartta
500,Kalandar
501,Kalwar
502,"Kamar, Barhai, Kakit, Maggia, Maghaiya, Mistri, Nagbansi, Viswakarma"
503,Kamkar
504,Kandra
505,Kanu
506,Kapadia
507,Karwalnut
508,Kassab (Kasai) (Muslim)
509,Kaura
510,Kawar
511,Kela
512,Keot
513,Khadwar
514,Khangar
515,Khatik
516,Khatwa
517,Khatwe
518,Khelta
519,Khotauri
520,Kishar
521,Kochh
522,Koli
523,Korku
524,Koshta
525,Kumarbhag Pahadia
526,"Kumhar, Chotrapati, Kobhalkar, Kumbhar, Kumbhakar, Prajapati"
527,Kanjra
528,Kritiria
529,Kurmi
530,Kushwaha (Koeri)
531,Laheri
532,"Lalbegi, Bhangi (Muslim)"
533,Lodha
534,Lohar
535,Madar
536,Madari (Muslim)
537,Mahishya
538,Mahto
539,Mahuria
540,Majhwar
541,Malar (Malhor)
542,Mali (Malakar)
543,"Mallah, Birhar, Gayotri, Ghetwel, Jalwar, Kewat, Kurwaha, Maheta, Majhi, Muriyoni, Masuria, Phutant, Purhia, Nisad, Goshi, Dhiwar, Jhiwar, Jhimar"
544,Mangan
545,Mangar (Magar)
546,Markande
547,Mauriaro
548,Miriasin (Muslim)
549,Mirshikar (Muslim)
550,Momin (Muslim)
551,Maulik
552,Mukro (Mukero) (Muslim)
553,Nalband
554,Namshudra
555,Nat (Muslim)
556,"Nav-Buddhists, Neo-Buddhists"
557,"Nonia, Kharwat, Nunia"
558,Pahira
559,"Pal (Bherihar-Gaderi), Gaderia"
560,Pamaria (Muslim)
561,Pandi
562,Parya
563,"Patherkut, Bachigolia"
564,Patnaik
565,Patwa
566,Phutdhar
567,Pinganiya
568,Pradhan
569,Rajbhar
570,Rajboshi (Risiya and Poliya)
571,Rajdhobi
572,Rangwa
573,Rangrez (Muslim)
574,Rauttiya
575,Rayeen
576,Sangatrash
577,Sauta (Sota)
578,Sayee (Muslim)
579,Shivhari
580,Siyal
581,"Soir, Soyer"
582,"Sunar, Bakwar, Sonar, Swarnkar"
583,Sunri
584,Tamariya
585,Tamboli
586,Tamoli
587,"Tanti, Tati, Tatin, Tatwa, Swati"
588,Tapoli
589,Teli
590,Thakurai (Muslim)
591,Tharu
592,Thathera
593,Tikulhar
594,Tiyar
595,"Turha, Sao"
596,"Yadav (Gwala, Ahir, Gope, Sadgope, Ghasi)"
