obc_id,name
243,Abdal
245,Aghori
246,Amaat
247,Kasab(Kasai) (Muslim)
248,"Kewat, Keot"
249,Kadar
250,Kaivartta/ Kaibartta
251,Kalandar
252,Kaura
254,Kochh
255,Korku
257,"Kurmi, Kurmi (Mahto) (in Chhotanagpur Division only)"
258,Kagzi
259,Kanu
260,"Kamar (Lohar, Karmkar, Visvakarma)"
261,Kushwaha (Koeri)
262,Kapadia
263,"Kosta, Koshta"
264,Khatik
265,Khangar
266,Khatwa
267,Khatwe
268,Khadwar (only in the districts of Sivan & Rohtas)
269,"Khetauri, Khatauri"
270,Khelta
271,Godi (Chhava)
272,Gaddi
273,Gandarbh or Gandharb
274,Gangai (Ganesh)
275,"Gangota, Gangoth"
276,"Gorh, Gonrh (only in the districts of Saran & Rohtas)"
277,Gulgaliya
278,Goud
279,Ghatwar
280,Chik (Muslim)
281,"Chain, Chayeen"
282,Chapota
283,Chandrabanshi (Kahar)
284,Churihar (Muslim)
285,Chanou
286,Jogi (Jugi)
287,Tikulhar
288,Dafali (Muslim)
289,Dhekaru
290,"Tanti (Tatwa), Tati, Tatin"
291,Turha
292,Tamariya
293,Tiyar
294,"Tamoli, Tamboli"
295,Teli
297,Devhar
298,Dhanuk
299,Dhobi (Muslim)
300,Dhunia (Muslim)
301,Dhamin
302,Dhankar
303,Dhimar
304,Nai
305,Nat (Muslim)
306,"Nunia, Nonia"
307,Namshudra
308,Naiya
309,Nalband (Muslim)
310,Pamaria (Muslim)
311,Prajapati (Kumhar)
312,Pandi
313,Pinganiya
314,Parya
315,Pradhan
316,Pahira
317,"Pal (Bherihar-Gaderi), Gaderia"
318,Shekhra
319,Bagdi
320,Bari
321,Beldar
322,Bind
323,"Barhai (Viswakarma), Badhai"
324,Barai
325,"Sudi, Halwai, Roniyar, Pansari, Modi, Kasera, Kesarwani, Thathera, Patwa, Sinduriya-Bania, Mahuri-Vaishya, Avadh-Bania, Agrahari-Vaishya"
326,Bhathiara (Muslim)
327,Bhar
328,Bhaskar
329,"Bhuihar, Bhuiyar"
330,"Bhat, Bhatt"
331,Mali (Malakar)
332,"Mallah (Surhiya, Kewat Murawari)"
333,Madari (Muslim)
334,"Mehtar, Lalbegi, (Muslim) Halalkhor, Bhangi"
335,Miriasin (Muslim)
336,Majhwar
337,Malar (Malhar)
338,Mangar (Magar)
339,Markande
340,Maulik
341,Mukri (Mukeri) (Muslim)
342,Madar
343,"Mauriaro, Mauriara"
344,Mirshikar (Muslim)
345,"Momin (Muslim), Ansari/Julaha"
346,"Yadav (Gwala, Ahir, Gope, Sadgope)"
347,Rajbhar
348,Rajdhobi
349,Rajbanshi (Risiya & Poliya)
350,Rangwa
351,Rangrez (Muslim)
352,Rauttiya
353,Rayeen or Kunjra(Muslim)
354,Laheri
355,Banpar
356,Shivhari
357,Sauta (Sota)
358,Sayee (Muslim)
359,"Sonar, Sunar"
360,Sangatrash (only in the district of Nawadah)
361,Idrisi or Darzi(Muslim)
362,Christian converts from Scheduled Castes
363,Christian converts from Other Backward Classes
364,Dhanwar
365,Dangi
366,Kalwar
367,"Kalal, Eraqui"
368,Kulahia
369,Shershahbadi
370,Sukiyar
371,Nagar(this does not include Maithili Brahmins & Immigrant Nagars from Other States who are Brahmins & Baniyas)
372,Saikalgar (Sikligar) (Muslim)
373,Bakho (Muslim)
374,Thakurai (Muslim)
375,Adrakhi
376,Soyar
377,Chhipi
378,Itfarosh/Itafarosh/Gadheri
