id,district,gender,caste,area,pc_exp,years_edu,toilet
1,Rewa,Female,SC,Rural,980,3,No
2,Rewa,Male,SC,Rural,1450,6,No
3,Rewa,Female,General,Urban,3200,12,Yes
4,Rewa,Male,General,Urban,4100,15,Yes
5,Betul,Female,ST,Rural,760,2,No
6,Betul,Male,ST,Rural,1100,5,No
7,Betul,Female,OBC,Rural,1600,7,Yes
8,Betul,Male,OBC,Rural,2050,9,Yes
9,Indore,Female,General,Urban,5200,16,Yes
10,Indore,Male,General,Urban,6000,17,Yes
11,Indore,Female,SC,Urban,2400,10,Yes
12,Indore,Male,SC,Urban,2900,11,Yes
13,Rewa,Female,OBC,Rural,1350,6,No
14,Betul,Male,General,Urban,3800,14,Yes
15,Indore,Female,ST,Rural,900,4,No
16,Indore,Male,OBC,Urban,3100,12,Yes
